{
  "config": {
    "run_name": "exp1_2",
    "out_dir": "./results",
    "seed": 42,
    "device": null,
    "bs_train": 128,
    "bs_test": 32,
    "batches": 100,
    "epochs": 100,
    "early_stopping": 5,
    "checkpoints": null,
    "lr": 0.003007970289449718,
    "reg": 0.008128033924872312,
    "filters_per_layer": [
      32
    ],
    "layers_per_block": 4,
    "pool_every": 1,
    "hidden_dims": [
      512,
      512
    ],
    "model_type": "cnn",
    "activation_type": "relu",
    "activation_params": {},
    "pooling_type": "max",
    "pooling_params": {
      "kernel_size": 2
    },
    "batchnorm": true,
    "dropout": 0.1633292046324038,
    "bottleneck": false,
    "loss_fn": "cross entropy",
    "optimizer": "Adam",
    "hp_optim": {
      "betas": [
        0.9969682475071221,
        0.9835809796844466
      ]
    },
    "subset": false
  },
  "results": {
    "num_epochs": 16,
    "train_loss": [
      1.8108188176094113,
      1.4289135048761392,
      1.2350078894354193,
      1.108333271330275,
      1.0127244113046494,
      0.9365198999414663,
      0.8793585919358237,
      0.8504759219601331,
      0.8313560801393846,
      0.8017758676767959,
      0.7708167328554041,
      0.7558485653699206,
      0.7482403560977458,
      0.7612263822494565,
      0.7484463617929717,
      0.7508206019925949
    ],
    "train_acc": [
      30.944,
      46.93,
      54.342,
      59.788,
      63.726,
      66.87,
      69.112,
      70.258,
      71.012,
      72.06,
      73.166,
      73.56,
      73.908,
      73.312,
      73.93,
      73.92
    ],
    "test_loss": [
      1.5466353946600477,
      1.3214357571479993,
      1.1608188580781127,
      1.0490955788487444,
      0.9643224100716198,
      0.932720105012004,
      0.9327013915339217,
      0.8966238379668885,
      0.8567454514983363,
      0.8614596941600592,
      0.7862758096605064,
      0.8047309925380987,
      0.7873787982776143,
      0.8163935964861617,
      0.8312180136529782,
      0.7981946866352337
    ],
    "test_acc": [
      41.15,
      50.74,
      58.27,
      62.86,
      66.66,
      67.85,
      67.41,
      69.29,
      70.34,
      70.15,
      72.99,
      72.23,
      72.56,
      71.16,
      71.21,
      72.71
    ]
  }
}