{
  "config": {
    "run_name": "exp1_4",
    "out_dir": "./results",
    "seed": 42,
    "device": null,
    "bs_train": 128,
    "bs_test": 32,
    "batches": 100,
    "epochs": 100,
    "early_stopping": 5,
    "checkpoints": null,
    "lr": 0.003007970289449718,
    "reg": 0.008128033924872312,
    "filters_per_layer": [
      32
    ],
    "layers_per_block": 32,
    "pool_every": 8,
    "hidden_dims": [
      512,
      512
    ],
    "model_type": "resnet",
    "activation_type": "relu",
    "activation_params": {},
    "pooling_type": "max",
    "pooling_params": {
      "kernel_size": 2
    },
    "batchnorm": true,
    "dropout": 0.1633292046324038,
    "bottleneck": false,
    "loss_fn": "cross entropy",
    "optimizer": "Adam",
    "hp_optim": {
      "betas": [
        0.9969682475071221,
        0.9835809796844466
      ]
    },
    "subset": false
  },
  "results": {
    "num_epochs": 48,
    "train_loss": [
      1.899580850320704,
      1.6819185832577288,
      1.595668256435248,
      1.5461732563765154,
      1.5092399202649245,
      1.4752029845171877,
      1.4553337152046926,
      1.4384506093266676,
      1.4207264886182898,
      1.3987820383228,
      1.3781598181370884,
      1.3673336908335576,
      1.352404983452214,
      1.3257816606165502,
      1.3025037617329747,
      1.292324195737424,
      1.2753186091742552,
      1.252117738089598,
      1.2389137510143582,
      1.2165036789901422,
      1.2123720342545863,
      1.218828665478455,
      1.1921841680546246,
      1.1875565756312416,
      1.1865242455926392,
      1.1833618425042427,
      1.185719018702007,
      1.1654321199182964,
      1.174139885646303,
      1.1542300123083011,
      1.148829200536089,
      1.138764659004748,
      1.1499289827578514,
      1.133511141285567,
      1.1205010645834685,
      1.1092236343856967,
      1.1106440938647142,
      1.1028567227866033,
      1.0920669236756346,
      1.095730813415459,
      1.0909403617424733,
      1.0909657819801584,
      1.099154646286879,
      1.085383583060311,
      1.0878483403064405,
      1.0907862843454952,
      1.0725293517722498,
      1.0749176923576218
    ],
    "train_acc": [
      29.38,
      37.22,
      40.454,
      42.428,
      43.898,
      45.23,
      46.566,
      47.148,
      47.928,
      48.632,
      49.664,
      50.264,
      51.176,
      51.832,
      52.624,
      53.276,
      54.122,
      54.766,
      55.16,
      56.184,
      56.494,
      56.238,
      57.41,
      57.592,
      57.69,
      57.764,
      57.772,
      58.022,
      58.016,
      58.958,
      59.178,
      59.654,
      59.178,
      59.996,
      60.3,
      60.728,
      60.738,
      61.136,
      61.652,
      61.138,
      61.604,
      61.324,
      61.17,
      61.644,
      61.654,
      61.492,
      62.21,
      61.948
    ],
    "test_loss": [
      1.7059732865982544,
      1.5910095056405844,
      1.5418684463531445,
      1.4811209714450775,
      1.4595447759658764,
      1.4017765042119132,
      1.3678044063595538,
      1.3839291490304966,
      1.3195811719559252,
      1.3449671729304158,
      1.32463587625339,
      1.268275449260736,
      1.25939756422378,
      1.242588410362268,
      1.267286883185085,
      1.2260633710855113,
      1.1733438782036876,
      1.1556397396535538,
      1.171375505269145,
      1.1425409633130692,
      1.1652773197847432,
      1.1245694714613235,
      1.1314808463517088,
      1.119596920645656,
      1.099637687967989,
      1.085405765059657,
      1.086958042920207,
      1.0810258624652704,
      1.107819634123732,
      1.0742866806328868,
      1.0859435025495463,
      1.0737656646262344,
      1.0971266362613763,
      1.0546379729200857,
      1.032507773595877,
      1.026713511052604,
      1.0216153863900768,
      1.0239313442867024,
      1.0228633566405445,
      1.0400519412927354,
      1.0510238188143355,
      1.0176667565354904,
      0.9943997587639684,
      1.0218509393759048,
      0.9980332141105359,
      0.9945886053216343,
      1.0305538845900148,
      1.0164141974890957
    ],
    "test_acc": [
      35.82,
      37.95,
      40.6,
      43.69,
      45.12,
      46.88,
      48.72,
      47.92,
      51.3,
      49.72,
      51.41,
      52.96,
      53.81,
      55.02,
      53.29,
      55.01,
      57.22,
      57.94,
      56.94,
      58.59,
      57.39,
      59.76,
      59.29,
      59.41,
      60.33,
      61.0,
      60.88,
      61.07,
      60.22,
      61.18,
      60.36,
      61.66,
      60.48,
      62.13,
      63.05,
      63.11,
      63.06,
      63.27,
      63.51,
      62.24,
      62.8,
      64.04,
      64.81,
      63.94,
      64.49,
      64.45,
      63.47,
      63.11
    ]
  }
}