{
  "config": {
    "run_name": "exp1_1",
    "out_dir": "./results",
    "seed": 42,
    "device": null,
    "bs_train": 128,
    "bs_test": 32,
    "batches": 100,
    "epochs": 100,
    "early_stopping": 5,
    "checkpoints": null,
    "lr": 0.003007970289449718,
    "reg": 0.008128033924872312,
    "filters_per_layer": [
      32
    ],
    "layers_per_block": 2,
    "pool_every": 1,
    "hidden_dims": [
      512,
      512
    ],
    "model_type": "cnn",
    "activation_type": "relu",
    "activation_params": {},
    "pooling_type": "max",
    "pooling_params": {
      "kernel_size": 2
    },
    "batchnorm": true,
    "dropout": 0.1633292046324038,
    "bottleneck": false,
    "loss_fn": "cross entropy",
    "optimizer": "Adam",
    "hp_optim": {
      "betas": [
        0.9969682475071221,
        0.9835809796844466
      ]
    },
    "subset": false
  },
  "results": {
    "num_epochs": 21,
    "train_loss": [
      1.740667044963983,
      1.3186851215484503,
      1.1659177462463184,
      1.0522110765547399,
      0.9839101699002258,
      0.9311280967024587,
      0.9087124675740976,
      0.9008045748371603,
      0.9093930065784308,
      0.9182970834814984,
      0.9101160077182838,
      0.9016663733955539,
      0.8964657600578445,
      0.8731287861114267,
      0.8885857112267438,
      0.8833495401360495,
      0.882209901004801,
      0.8844586279995911,
      0.8805465167745605,
      0.8717609008254907,
      0.8842928039143457
    ],
    "train_acc": [
      35.614,
      52.396,
      58.358,
      62.306,
      65.104,
      66.996,
      67.886,
      68.518,
      67.734,
      67.356,
      68.146,
      68.222,
      68.262,
      69.302,
      68.856,
      69.036,
      68.888,
      69.062,
      69.386,
      69.194,
      69.026
    ],
    "test_loss": [
      1.396002936096618,
      1.2014753538579606,
      1.1220038409431141,
      1.0216681926776046,
      1.0064012528227542,
      0.9720901740244783,
      0.9751962566147216,
      0.9898953042662563,
      0.9939139523445227,
      0.9748942167423784,
      0.9667235650955298,
      0.9564362033106648,
      0.975317549305602,
      0.9969212308097571,
      1.0480389229405802,
      0.9441150903892213,
      0.9808731067675752,
      0.9931396533505985,
      0.9794848197565292,
      0.9433409004165723,
      0.9672633085768825
    ],
    "test_acc": [
      49.53,
      57.35,
      59.76,
      63.46,
      64.05,
      65.41,
      65.58,
      64.95,
      64.91,
      65.5,
      66.14,
      66.35,
      65.89,
      64.89,
      64.47,
      67.0,
      65.66,
      65.12,
      65.58,
      66.95,
      66.2
    ]
  }
}