{
  "config": {
    "run_name": "exp1_2",
    "out_dir": "./results",
    "seed": 42,
    "device": null,
    "bs_train": 128,
    "bs_test": 32,
    "batches": 100,
    "epochs": 100,
    "early_stopping": 5,
    "checkpoints": null,
    "lr": 0.003007970289449718,
    "reg": 0.008128033924872312,
    "filters_per_layer": [
      64
    ],
    "layers_per_block": 4,
    "pool_every": 1,
    "hidden_dims": [
      512,
      512
    ],
    "model_type": "cnn",
    "activation_type": "relu",
    "activation_params": {},
    "pooling_type": "max",
    "pooling_params": {
      "kernel_size": 2
    },
    "batchnorm": true,
    "dropout": 0.1633292046324038,
    "bottleneck": false,
    "loss_fn": "cross entropy",
    "optimizer": "Adam",
    "hp_optim": {
      "betas": [
        0.9969682475071221,
        0.9835809796844466
      ]
    },
    "subset": false
  },
  "results": {
    "num_epochs": 28,
    "train_loss": [
      2.0133494571651642,
      1.5343962633396353,
      1.3015329317973399,
      1.1265506308401942,
      1.0225042136733795,
      0.967329259266329,
      0.8925334570352988,
      0.8678749688446065,
      0.8346418939588015,
      0.8123608541000834,
      0.8127219027570446,
      0.790289427770678,
      0.7767772427605241,
      0.757901918095396,
      0.7385928158260062,
      0.7376316314767999,
      0.7302007350470404,
      0.7307581839811467,
      0.7365703829718978,
      0.7167075529427784,
      0.7037757170169859,
      0.695114143974031,
      0.6881839420332019,
      0.700755459497042,
      0.7074311610377962,
      0.7106259171005405,
      0.6850989079079055,
      0.6896381587780955
    ],
    "train_acc": [
      23.01,
      42.932,
      52.606,
      59.412,
      63.724,
      65.768,
      68.604,
      69.608,
      70.84,
      71.74,
      71.492,
      72.428,
      72.836,
      73.62,
      74.552,
      74.376,
      74.446,
      74.372,
      74.39,
      75.046,
      75.646,
      75.816,
      76.142,
      75.466,
      75.384,
      75.398,
      76.402,
      76.028
    ],
    "test_loss": [
      1.6606997057271842,
      1.3890517828182671,
      1.1982168052524043,
      1.0720909593966061,
      1.0002235148471004,
      0.9505343261999063,
      0.9401773329550466,
      0.9027235252788653,
      0.8696641762035723,
      0.8995733203979346,
      0.8160373645659071,
      0.8242636482936506,
      0.812216722355864,
      0.8193576107390772,
      0.7876594943550829,
      0.8114118425609966,
      0.835524667756626,
      0.8173129233879785,
      0.7616981095589769,
      0.8078882934186405,
      0.7961461727801984,
      0.7828654024166802,
      0.7618496826471993,
      0.7644951641559601,
      0.7890724789220304,
      0.780066754680853,
      0.7833645105742799,
      0.7764403049747783
    ],
    "test_acc": [
      37.22,
      48.6,
      56.6,
      61.49,
      65.39,
      66.34,
      67.24,
      69.18,
      69.77,
      68.68,
      71.6,
      70.78,
      72.07,
      71.22,
      72.63,
      71.62,
      70.97,
      71.91,
      73.3,
      71.68,
      72.33,
      73.02,
      73.4,
      73.29,
      72.51,
      72.54,
      72.33,
      73.01
    ]
  }
}