{
  "config": {
    "run_name": "exp1_4",
    "out_dir": "./results",
    "seed": 42,
    "device": null,
    "bs_train": 128,
    "bs_test": 32,
    "batches": 100,
    "epochs": 100,
    "early_stopping": 5,
    "checkpoints": null,
    "lr": 0.003007970289449718,
    "reg": 0.008128033924872312,
    "filters_per_layer": [
      32
    ],
    "layers_per_block": 16,
    "pool_every": 4,
    "hidden_dims": [
      512,
      512
    ],
    "model_type": "resnet",
    "activation_type": "relu",
    "activation_params": {},
    "pooling_type": "max",
    "pooling_params": {
      "kernel_size": 2
    },
    "batchnorm": true,
    "dropout": 0.1633292046324038,
    "bottleneck": false,
    "loss_fn": "cross entropy",
    "optimizer": "Adam",
    "hp_optim": {
      "betas": [
        0.9969682475071221,
        0.9835809796844466
      ]
    },
    "subset": false
  },
  "results": {
    "num_epochs": 27,
    "train_loss": [
      1.8555035853324948,
      1.6167588145531657,
      1.4949403431104578,
      1.40414919572718,
      1.3009254347028025,
      1.2230579401830883,
      1.1822165520599737,
      1.1371515123435603,
      1.1094054482172213,
      1.075346093653413,
      1.0529520011618925,
      1.034485324416929,
      1.0367456284325447,
      1.0271710447033349,
      1.0248848140392157,
      1.0088033362117874,
      1.0144722786400935,
      1.0083239566334679,
      1.0055099340046154,
      1.0010110197774589,
      0.9981851434463735,
      0.9966616918668723,
      1.0028006214924785,
      0.9846246245572025,
      0.9913151674258435,
      0.9889582918428094,
      0.9904891965944139
    ],
    "train_acc": [
      30.414,
      38.828,
      44.148,
      47.728,
      51.934,
      55.532,
      57.066,
      59.178,
      60.166,
      61.794,
      62.462,
      63.2,
      63.206,
      63.59,
      63.488,
      64.258,
      64.362,
      64.392,
      64.428,
      64.828,
      64.8,
      64.902,
      64.464,
      65.514,
      65.012,
      65.312,
      65.168
    ],
    "test_loss": [
      1.629647016144408,
      1.5380948568685366,
      1.3629691417986594,
      1.2827718553070824,
      1.161137530788446,
      1.1507971086821998,
      1.0967864708397717,
      1.0709112536031218,
      1.0494705663321497,
      1.0285146120257271,
      0.9796865173041249,
      0.9926297597991772,
      0.9590787106809525,
      0.9589414788892094,
      0.9439562305855674,
      0.9362862938509201,
      0.9853210921485585,
      0.9497067480803297,
      0.967326706781174,
      0.9481867452779897,
      0.9230919027099975,
      0.8951802073766629,
      0.9226267674860482,
      0.9201751090467166,
      0.9163161318142193,
      0.9196314312779484,
      0.9375917905816635
    ],
    "test_acc": [
      38.53,
      41.19,
      49.28,
      51.92,
      57.14,
      57.33,
      60.58,
      62.05,
      62.02,
      63.24,
      64.72,
      63.82,
      66.24,
      65.32,
      66.19,
      66.48,
      64.78,
      65.98,
      65.14,
      66.8,
      67.7,
      68.2,
      67.4,
      66.93,
      67.58,
      67.39,
      66.53
    ]
  }
}