{
  "config": {
    "run_name": "exp1_2",
    "out_dir": "./results",
    "seed": 42,
    "device": null,
    "bs_train": 128,
    "bs_test": 32,
    "batches": 100,
    "epochs": 100,
    "early_stopping": 5,
    "checkpoints": null,
    "lr": 0.003007970289449718,
    "reg": 0.008128033924872312,
    "filters_per_layer": [
      64
    ],
    "layers_per_block": 2,
    "pool_every": 1,
    "hidden_dims": [
      512,
      512
    ],
    "model_type": "cnn",
    "activation_type": "relu",
    "activation_params": {},
    "pooling_type": "max",
    "pooling_params": {
      "kernel_size": 2
    },
    "batchnorm": true,
    "dropout": 0.1633292046324038,
    "bottleneck": false,
    "loss_fn": "cross entropy",
    "optimizer": "Adam",
    "hp_optim": {
      "betas": [
        0.9969682475071221,
        0.9835809796844466
      ]
    },
    "subset": false
  },
  "results": {
    "num_epochs": 21,
    "train_loss": [
      1.7601233675046954,
      1.3722738399530006,
      1.2006938228826693,
      1.1078077309271868,
      1.040873357859414,
      0.9967797950405599,
      0.9613947212848517,
      0.9435959177858689,
      0.9294818494935779,
      0.9257609010352503,
      0.9004578838872788,
      0.8914942102663962,
      0.8870934141261498,
      0.8754925308629985,
      0.8763175309466584,
      0.8705387502680044,
      0.8746403310914783,
      0.8891126374759333,
      0.8807825072647055,
      0.8590841898527901,
      0.8572805468993419
    ],
    "train_acc": [
      34.702,
      50.368,
      57.156,
      60.51,
      62.99,
      64.53,
      65.926,
      66.676,
      67.168,
      67.564,
      68.294,
      68.724,
      68.64,
      69.18,
      69.07,
      69.37,
      69.234,
      68.748,
      69.186,
      69.876,
      69.794
    ],
    "test_loss": [
      1.4711777065127802,
      1.26514091887794,
      1.1585018025419582,
      1.0919987869719727,
      1.0661679999516034,
      1.0688273836248599,
      1.0596920308975366,
      0.9970279581630572,
      1.084571549877191,
      0.9997416612820123,
      0.9902630745412443,
      1.0683961167883949,
      0.9642675368549725,
      0.9682395981904417,
      0.9836268090782836,
      0.9544534406151635,
      0.9841136369651879,
      0.944133993726188,
      0.9659269043622306,
      0.9712558917153757,
      0.9498084730233628
    ],
    "test_acc": [
      46.02,
      54.54,
      58.52,
      60.95,
      62.15,
      61.81,
      62.65,
      64.56,
      61.32,
      64.67,
      64.75,
      61.87,
      66.29,
      65.93,
      65.18,
      66.75,
      65.38,
      66.73,
      66.34,
      65.73,
      66.45
    ]
  }
}