{
  "config": {
    "run_name": "exp1_4",
    "out_dir": "./results",
    "seed": 42,
    "device": null,
    "bs_train": 128,
    "bs_test": 32,
    "batches": 100,
    "epochs": 100,
    "early_stopping": 5,
    "checkpoints": null,
    "lr": 0.003007970289449718,
    "reg": 0.008128033924872312,
    "filters_per_layer": [
      32
    ],
    "layers_per_block": 16,
    "pool_every": 4,
    "hidden_dims": [
      512,
      512
    ],
    "model_type": "resnet",
    "activation_type": "relu",
    "activation_params": {},
    "pooling_type": "max",
    "pooling_params": {
      "kernel_size": 2
    },
    "batchnorm": true,
    "dropout": 0.1633292046324038,
    "bottleneck": false,
    "loss_fn": "cross entropy",
    "optimizer": "Adam",
    "hp_optim": {
      "betas": [
        0.9969682475071221,
        0.9835809796844466
      ]
    },
    "subset": false
  },
  "results": {
    "num_epochs": 34,
    "train_loss": [
      1.8623674333552875,
      1.6230785749147616,
      1.487024710001543,
      1.3917363010099173,
      1.316633711690488,
      1.2625738934177877,
      1.2264777821348147,
      1.1689693691480496,
      1.1486459869862822,
      1.1113118703103126,
      1.097411279635661,
      1.0778237883087314,
      1.0557347394316399,
      1.0418116177439385,
      1.0349466972948644,
      1.0390762790389683,
      1.0231610269802611,
      1.015411344330634,
      1.0338836928157855,
      1.0295999065384536,
      1.0225173221219837,
      1.0154399222425183,
      1.0284241395228355,
      1.016226673827452,
      1.013730229014326,
      1.0038167456226885,
      1.0112381909814332,
      0.9998288078381278,
      1.0066687547032485,
      1.0081701929611928,
      1.0017161520240863,
      1.0001408073603344,
      1.003373645150753,
      1.0013323833265573
    ],
    "train_acc": [
      29.958,
      38.47,
      44.688,
      48.63,
      51.758,
      53.846,
      55.26,
      57.746,
      58.94,
      60.428,
      61.02,
      61.478,
      62.594,
      63.208,
      63.614,
      63.298,
      63.8,
      64.188,
      63.394,
      63.604,
      63.852,
      64.172,
      63.776,
      64.232,
      64.216,
      64.568,
      64.218,
      64.682,
      64.524,
      64.404,
      64.87,
      64.682,
      64.834,
      64.538
    ],
    "test_loss": [
      1.6419280055231942,
      1.5032862779050589,
      1.3745322435046918,
      1.2707268936565508,
      1.2505718800968255,
      1.1789852611173075,
      1.1447402196951186,
      1.1529671717375611,
      1.0746308448977364,
      1.0198520879014232,
      1.0144738933910578,
      1.0905555460018852,
      1.015059313454186,
      1.00989433332754,
      1.0008807791688572,
      0.9867665381096422,
      0.9536790811596587,
      0.9835353190906513,
      0.9871971087333874,
      1.0059627130770454,
      0.9543901270570846,
      0.9466877566358913,
      0.9630641413572878,
      0.9454416503159764,
      0.9296188152636202,
      0.9585673708123521,
      0.9751235953154275,
      0.9736044330718799,
      0.9142707313973302,
      0.9514760978686543,
      0.9326864821842303,
      0.9802103798610334,
      0.9858407736205446,
      0.9586619767137229
    ],
    "test_acc": [
      38.01,
      42.78,
      48.61,
      52.7,
      53.66,
      56.2,
      58.04,
      58.09,
      61.54,
      63.55,
      63.77,
      60.22,
      63.59,
      63.55,
      64.04,
      64.39,
      65.81,
      64.73,
      64.67,
      64.97,
      66.12,
      65.76,
      64.95,
      65.89,
      66.69,
      64.89,
      65.32,
      65.12,
      67.37,
      65.87,
      66.39,
      64.94,
      65.0,
      65.62
    ]
  }
}