{
  "config": {
    "run_name": "exp1_4",
    "out_dir": "./results",
    "seed": 42,
    "device": null,
    "bs_train": 128,
    "bs_test": 32,
    "batches": 100,
    "epochs": 100,
    "early_stopping": 5,
    "checkpoints": null,
    "lr": 0.003007970289449718,
    "reg": 0.008128033924872312,
    "filters_per_layer": [
      64,
      128,
      256
    ],
    "layers_per_block": 4,
    "pool_every": 3,
    "hidden_dims": [
      512,
      512
    ],
    "model_type": "resnet",
    "activation_type": "relu",
    "activation_params": {},
    "pooling_type": "max",
    "pooling_params": {
      "kernel_size": 2
    },
    "batchnorm": true,
    "dropout": 0.1633292046324038,
    "bottleneck": false,
    "loss_fn": "cross entropy",
    "optimizer": "Adam",
    "hp_optim": {
      "betas": [
        0.9969682475071221,
        0.9835809796844466
      ]
    },
    "subset": false
  },
  "results": {
    "num_epochs": 29,
    "train_loss": [
      1.930533062771458,
      1.624892857373523,
      1.4280522141005376,
      1.285418978127677,
      1.2022731692894646,
      1.1615381644814826,
      1.1236287876773063,
      1.0801114090873152,
      1.0410417389991644,
      1.0155182570752586,
      1.0018969060819778,
      0.9783823223370115,
      0.9745501606055843,
      0.9520699688235817,
      0.9424558210250972,
      0.9364859155376853,
      0.9284892472464715,
      0.9228085375502896,
      0.926222297084301,
      0.9283553808546432,
      0.9297137114093127,
      0.9237250080498893,
      0.9239303362948815,
      0.9358373886484015,
      0.9247528822220805,
      0.9136555139975779,
      0.9124777443573603,
      0.9176761116213201,
      0.9100326535951756
    ],
    "train_acc": [
      25.726,
      38.73,
      47.488,
      52.908,
      56.422,
      58.304,
      59.51,
      61.158,
      62.874,
      63.852,
      64.542,
      65.43,
      65.596,
      66.722,
      67.078,
      67.568,
      67.602,
      68.044,
      67.752,
      67.784,
      67.526,
      67.67,
      67.872,
      67.474,
      67.794,
      68.444,
      68.464,
      68.106,
      68.41
    ],
    "test_loss": [
      1.8048589408588105,
      1.4736966774486506,
      1.2950003865047004,
      1.1796269506311263,
      1.1585469661048426,
      1.0952551420123433,
      1.0289120875037134,
      1.0201805235859684,
      0.9696434707687305,
      0.9617021729390081,
      0.9352498130676464,
      0.9592258172294202,
      0.931808171942592,
      0.9860188201212654,
      0.9186508795514274,
      0.9105969678860503,
      0.8966302169016755,
      0.8952194016200666,
      0.9192323303832033,
      0.8550171827355894,
      0.8899508284303708,
      0.879480949986857,
      0.8899633473100753,
      0.8613348946022911,
      0.9052310159412055,
      0.8865934124769875,
      0.962351164021812,
      0.9188971888904754,
      0.8959532316309956
    ],
    "test_acc": [
      31.82,
      44.11,
      52.55,
      57.42,
      57.75,
      60.81,
      63.69,
      64.14,
      65.52,
      65.93,
      67.34,
      66.45,
      67.61,
      65.1,
      68.45,
      69.11,
      69.26,
      69.85,
      68.15,
      70.93,
      69.48,
      70.21,
      70.3,
      70.97,
      68.95,
      70.45,
      66.86,
      68.51,
      68.84
    ]
  }
}