{
  "config": {
    "run_name": "exp1_1",
    "out_dir": "./results",
    "seed": 42,
    "device": null,
    "bs_train": 128,
    "bs_test": 32,
    "batches": 100,
    "epochs": 100,
    "early_stopping": 5,
    "checkpoints": null,
    "lr": 0.003007970289449718,
    "reg": 0.008128033924872312,
    "filters_per_layer": [
      32
    ],
    "layers_per_block": 4,
    "pool_every": 1,
    "hidden_dims": [
      512,
      512
    ],
    "model_type": "cnn",
    "activation_type": "relu",
    "activation_params": {},
    "pooling_type": "max",
    "pooling_params": {
      "kernel_size": 2
    },
    "batchnorm": true,
    "dropout": 0.1633292046324038,
    "bottleneck": false,
    "loss_fn": "cross entropy",
    "optimizer": "Adam",
    "hp_optim": {
      "betas": [
        0.9969682475071221,
        0.9835809796844466
      ]
    },
    "subset": false
  },
  "results": {
    "num_epochs": 20,
    "train_loss": [
      1.8227166977075056,
      1.4474140137357785,
      1.229807347745237,
      1.114409822942046,
      1.0367620768754378,
      0.926500961908599,
      0.8740836263007825,
      0.839929672000963,
      0.8246912081223314,
      0.7821245769710492,
      0.800320665244861,
      0.780833176182359,
      0.7740726672170107,
      0.7580615210411189,
      0.74455454130002,
      0.7120654579166257,
      0.7330104726964556,
      0.7426403140472939,
      0.7257371358859265,
      0.7247045044703861
    ],
    "train_acc": [
      30.664,
      45.768,
      54.938,
      59.588,
      62.826,
      67.332,
      69.194,
      70.532,
      71.036,
      72.474,
      72.148,
      72.778,
      73.22,
      73.558,
      74.148,
      75.368,
      74.626,
      74.358,
      74.79,
      74.898
    ],
    "test_loss": [
      1.5640955401685672,
      1.3055489617414748,
      1.1948059785861176,
      1.0966960016530924,
      0.9775057691164291,
      0.9224647149300804,
      0.9050820269904578,
      0.8772000060104334,
      0.8286353309695332,
      0.8360778523710208,
      0.870233179376529,
      0.8476382916727767,
      0.813853554927503,
      0.7856512148730671,
      0.7640841046270852,
      0.7935088140705523,
      0.847908377742615,
      0.8070453081648952,
      0.8021912212950734,
      0.8047785378111818
    ],
    "test_acc": [
      39.23,
      51.62,
      56.56,
      60.67,
      66.12,
      67.29,
      68.57,
      69.45,
      71.14,
      70.59,
      69.5,
      70.71,
      71.48,
      72.48,
      73.39,
      72.08,
      69.94,
      71.35,
      72.47,
      71.73
    ]
  }
}