{
  "config": {
    "run_name": "exp1_4",
    "out_dir": "./results",
    "seed": 42,
    "device": null,
    "bs_train": 128,
    "bs_test": 32,
    "batches": 100,
    "epochs": 100,
    "early_stopping": 5,
    "checkpoints": null,
    "lr": 0.003007970289449718,
    "reg": 0.008128033924872312,
    "filters_per_layer": [
      32
    ],
    "layers_per_block": 8,
    "pool_every": 2,
    "hidden_dims": [
      512,
      512
    ],
    "model_type": "resnet",
    "activation_type": "relu",
    "activation_params": {},
    "pooling_type": "max",
    "pooling_params": {
      "kernel_size": 2
    },
    "batchnorm": true,
    "dropout": 0.1633292046324038,
    "bottleneck": false,
    "loss_fn": "cross entropy",
    "optimizer": "Adam",
    "hp_optim": {
      "betas": [
        0.9969682475071221,
        0.9835809796844466
      ]
    },
    "subset": false
  },
  "results": {
    "num_epochs": 32,
    "train_loss": [
      1.7743913587706779,
      1.4435455768614474,
      1.2876359323406463,
      1.1765455422194109,
      1.080817486166649,
      1.0379034573464747,
      0.9978224138164764,
      0.9936548523280931,
      0.9648765331643927,
      0.9649371509356877,
      0.9507864360004434,
      0.9369099481636302,
      0.9361082498374802,
      0.9316430466864115,
      0.9269852327263873,
      0.9097894692359982,
      0.9039389273089826,
      0.9021563918694205,
      0.9127444768195871,
      0.8969852056954523,
      0.9040269847111324,
      0.9023482325436819,
      0.900146066685162,
      0.9003174577832527,
      0.9016136620050806,
      0.9057522253002352,
      0.8890880491117688,
      0.891199421242375,
      0.8943443153520374,
      0.9065007555210377,
      0.8894981395862901,
      0.8878574689940724
    ],
    "train_acc": [
      32.174,
      45.976,
      52.562,
      57.114,
      60.78,
      62.658,
      64.268,
      64.416,
      65.654,
      65.672,
      66.602,
      66.826,
      66.924,
      67.224,
      67.13,
      67.844,
      68.022,
      68.304,
      67.72,
      68.432,
      68.096,
      68.122,
      68.206,
      68.194,
      68.32,
      68.124,
      68.762,
      68.572,
      68.628,
      68.04,
      68.626,
      68.586
    ],
    "test_loss": [
      1.5014488761798261,
      1.364529965594173,
      1.2202124140513972,
      1.087706539006279,
      1.0241304997818919,
      0.9861444594761053,
      0.9573587554331404,
      0.9308240406048565,
      0.9140777280345892,
      0.8938473824875804,
      0.9286136157786884,
      0.8963590179578945,
      0.9383160804216855,
      0.8961533681272318,
      0.8613260210322115,
      0.8693448431766071,
      0.8525863290785219,
      0.8935627850671165,
      0.8812351075414652,
      0.8504744681496971,
      0.8508475359065083,
      0.8596946653276206,
      0.8418618629153926,
      0.8503880498889155,
      0.8311240971088409,
      0.8921724881607884,
      0.8407572328853912,
      0.8615732650025584,
      0.8591023694973784,
      0.8505210901220767,
      0.8564398664826403,
      0.8542912813802116
    ],
    "test_acc": [
      41.85,
      48.69,
      55.25,
      59.48,
      62.84,
      64.7,
      65.77,
      66.63,
      67.68,
      68.22,
      67.22,
      67.69,
      65.97,
      68.39,
      69.63,
      68.93,
      69.7,
      68.42,
      68.87,
      69.55,
      69.91,
      69.15,
      70.12,
      69.41,
      70.6,
      68.41,
      70.68,
      69.03,
      69.22,
      69.82,
      69.84,
      69.43
    ]
  }
}