{
  "config": {
    "run_name": "exp1_2",
    "out_dir": "./results",
    "seed": 42,
    "device": null,
    "bs_train": 128,
    "bs_test": 32,
    "batches": 100,
    "epochs": 100,
    "early_stopping": 5,
    "checkpoints": null,
    "lr": 0.003007970289449718,
    "reg": 0.008128033924872312,
    "filters_per_layer": [
      32
    ],
    "layers_per_block": 2,
    "pool_every": 1,
    "hidden_dims": [
      512,
      512
    ],
    "model_type": "cnn",
    "activation_type": "relu",
    "activation_params": {},
    "pooling_type": "max",
    "pooling_params": {
      "kernel_size": 2
    },
    "batchnorm": true,
    "dropout": 0.1633292046324038,
    "bottleneck": false,
    "loss_fn": "cross entropy",
    "optimizer": "Adam",
    "hp_optim": {
      "betas": [
        0.9969682475071221,
        0.9835809796844466
      ]
    },
    "subset": false
  },
  "results": {
    "num_epochs": 18,
    "train_loss": [
      1.7305929221765464,
      1.3244609125434894,
      1.1589373308984214,
      1.042061862738236,
      0.9804545179047548,
      0.9426260267377204,
      0.9178921653486579,
      0.9053325241483996,
      0.8986204051605576,
      0.8962524281743237,
      0.8954142103414706,
      0.891546228657598,
      0.8908939690846006,
      0.8821026624925911,
      0.8768309095631475,
      0.8744231320707999,
      0.8851580255476715,
      0.8667731585405062
    ],
    "train_acc": [
      36.112,
      52.182,
      58.42,
      62.808,
      65.32,
      66.714,
      67.6,
      67.924,
      68.182,
      68.306,
      68.264,
      68.886,
      68.806,
      68.996,
      69.188,
      69.314,
      68.956,
      69.506
    ],
    "test_loss": [
      1.4060736639431108,
      1.208870986018318,
      1.1057154401041829,
      1.02512685388041,
      0.989991949389156,
      1.0043020682593884,
      1.0121740856871437,
      0.9777151923210096,
      0.9599658108938235,
      1.0070407064958884,
      0.9713867487617955,
      0.9713497967384874,
      0.9633545773669173,
      0.9839468585035671,
      0.9894381595876651,
      0.9689856251588644,
      0.9850594669866105,
      0.9736573804681674
    ],
    "test_acc": [
      48.72,
      56.34,
      60.35,
      63.31,
      64.98,
      65.04,
      64.14,
      65.06,
      66.02,
      64.42,
      66.18,
      66.39,
      66.86,
      65.77,
      65.25,
      65.61,
      65.12,
      66.22
    ]
  }
}