{
  "config": {
    "run_name": "exp1_3",
    "out_dir": "./results",
    "seed": 42,
    "device": null,
    "bs_train": 128,
    "bs_test": 32,
    "batches": 100,
    "epochs": 100,
    "early_stopping": 5,
    "checkpoints": null,
    "lr": 0.003007970289449718,
    "reg": 0.008128033924872312,
    "filters_per_layer": [
      64,
      128
    ],
    "layers_per_block": 3,
    "pool_every": 1,
    "hidden_dims": [
      512,
      512
    ],
    "model_type": "cnn",
    "activation_type": "relu",
    "activation_params": {},
    "pooling_type": "max",
    "pooling_params": {
      "kernel_size": 2
    },
    "batchnorm": true,
    "dropout": 0.1633292046324038,
    "bottleneck": false,
    "loss_fn": "cross entropy",
    "optimizer": "Adam",
    "hp_optim": {
      "betas": [
        0.9969682475071221,
        0.9835809796844466
      ]
    },
    "subset": false
  },
  "results": {
    "num_epochs": 6,
    "train_loss": [
      2.303041772769235,
      2.302704913536911,
      2.3026839192870936,
      2.3026566102986448,
      2.3026716215226353,
      2.30266131098618
    ],
    "train_acc": [
      9.728,
      9.852,
      9.818,
      9.928,
      9.754,
      9.798
    ],
    "test_loss": [
      2.3026099502088164,
      2.3026036553489515,
      2.3025918997133883,
      2.3025929051847123,
      2.302588312770612,
      2.3025899070520373
    ],
    "test_acc": [
      10.0,
      10.0,
      10.0,
      10.0,
      10.0,
      10.0
    ]
  }
}