{
  "config": {
    "run_name": "exp1_1",
    "out_dir": "./results",
    "seed": 42,
    "device": null,
    "bs_train": 128,
    "bs_test": 32,
    "batches": 100,
    "epochs": 100,
    "early_stopping": 5,
    "checkpoints": null,
    "lr": 0.003007970289449718,
    "reg": 0.008128033924872312,
    "filters_per_layer": [
      32
    ],
    "layers_per_block": 8,
    "pool_every": 2,
    "hidden_dims": [
      512,
      512
    ],
    "model_type": "cnn",
    "activation_type": "relu",
    "activation_params": {},
    "pooling_type": "max",
    "pooling_params": {
      "kernel_size": 2
    },
    "batchnorm": true,
    "dropout": 0.1633292046324038,
    "bottleneck": false,
    "loss_fn": "cross entropy",
    "optimizer": "Adam",
    "hp_optim": {
      "betas": [
        0.9969682475071221,
        0.9835809796844466
      ]
    },
    "subset": false
  },
  "results": {
    "num_epochs": 6,
    "train_loss": [
      2.3030089771046356,
      2.3027112374220358,
      2.302687204097543,
      2.302661942094183,
      2.302672116652779,
      2.302658960947295
    ],
    "train_acc": [
      9.804,
      9.89,
      9.686,
      9.91,
      9.676,
      9.806
    ],
    "test_loss": [
      2.30262689697095,
      2.3026005338175226,
      2.3025916986191235,
      2.3025934764752374,
      2.302589473632959,
      2.3025896914850787
    ],
    "test_acc": [
      10.0,
      10.0,
      10.0,
      10.0,
      10.0,
      10.0
    ]
  }
}