{
  "config": {
    "run_name": "exp1_4",
    "out_dir": "./results",
    "seed": 42,
    "device": null,
    "bs_train": 128,
    "bs_test": 32,
    "batches": 100,
    "epochs": 100,
    "early_stopping": 5,
    "checkpoints": null,
    "lr": 0.003007970289449718,
    "reg": 0.008128033924872312,
    "filters_per_layer": [
      64,
      128,
      256
    ],
    "layers_per_block": 8,
    "pool_every": 6,
    "hidden_dims": [
      512,
      512
    ],
    "model_type": "resnet",
    "activation_type": "relu",
    "activation_params": {},
    "pooling_type": "max",
    "pooling_params": {
      "kernel_size": 2
    },
    "batchnorm": true,
    "dropout": 0.1633292046324038,
    "bottleneck": false,
    "loss_fn": "cross entropy",
    "optimizer": "Adam",
    "hp_optim": {
      "betas": [
        0.9969682475071221,
        0.9835809796844466
      ]
    },
    "subset": false
  },
  "results": {
    "num_epochs": 39,
    "train_loss": [
      2.054997065792913,
      1.7169925190908524,
      1.6069078323481334,
      1.5378263807662613,
      1.4794151502497055,
      1.4213858379427429,
      1.3678638688133806,
      1.3303475928733417,
      1.303120999080141,
      1.27260412950345,
      1.2568120099699405,
      1.2371272627654892,
      1.2366013321120415,
      1.2269212384053203,
      1.212726175022857,
      1.2041518395514135,
      1.1856594645153835,
      1.1802547721911574,
      1.1803012479601613,
      1.1467636418159661,
      1.1508369848246465,
      1.1372231867002405,
      1.1293869852409948,
      1.138261748701715,
      1.1197420285485895,
      1.1278603573894257,
      1.1144777673589603,
      1.1148464068427415,
      1.1047243934763058,
      1.102327269056569,
      1.0980060336839816,
      1.084156161531463,
      1.0831008506248065,
      1.0794638419700096,
      1.0850558593449995,
      1.081770811544355,
      1.076247943484265,
      1.073510505354313,
      1.0693153002682854
    ],
    "train_acc": [
      22.168,
      35.946,
      39.822,
      42.816,
      45.772,
      47.672,
      50.002,
      51.47,
      52.466,
      53.718,
      54.676,
      55.26,
      55.366,
      55.632,
      56.176,
      56.882,
      57.602,
      57.494,
      57.726,
      58.6,
      58.956,
      59.246,
      59.566,
      59.366,
      59.93,
      59.362,
      60.046,
      60.186,
      60.618,
      60.94,
      60.958,
      61.354,
      61.304,
      61.426,
      61.482,
      61.48,
      61.736,
      61.89,
      62.21
    ],
    "test_loss": [
      1.825347103630773,
      1.6779937203318929,
      1.5110589273440571,
      1.463630009002198,
      1.3694171671288462,
      1.308443003188307,
      1.2914828233444653,
      1.2393224382171997,
      1.1823523705378889,
      1.1863549062238334,
      1.1669293028858905,
      1.1398357556650813,
      1.138686343313406,
      1.1516751885033263,
      1.112551299527811,
      1.0929278940819322,
      1.1433458859547259,
      1.1186939906388427,
      1.0758775194612935,
      1.0586953688734255,
      1.0692356830587784,
      1.0612060402909789,
      1.0747533183509168,
      1.0379639098438591,
      1.0409157177129873,
      1.0545737033073133,
      1.0291045696590655,
      1.0286962452787942,
      1.0251146899625516,
      1.0144661958225238,
      1.0366380885005377,
      1.0085643276619836,
      0.9972499748007558,
      0.9881526559305648,
      1.0157130611971164,
      0.9905216126396252,
      1.0123888737858293,
      1.009121233472428,
      1.0046627843341889
    ],
    "test_acc": [
      28.53,
      35.98,
      42.83,
      46.14,
      49.49,
      51.51,
      51.51,
      54.73,
      56.77,
      56.55,
      57.62,
      58.93,
      58.47,
      57.71,
      59.52,
      60.29,
      58.7,
      59.57,
      61.4,
      62.1,
      61.88,
      62.33,
      61.59,
      62.65,
      62.55,
      62.49,
      63.02,
      63.25,
      63.65,
      63.86,
      62.28,
      63.79,
      64.19,
      65.04,
      64.32,
      64.83,
      63.81,
      64.2,
      64.12
    ]
  }
}