{
  "config": {
    "run_name": "exp1_4",
    "out_dir": "./results",
    "seed": 42,
    "device": null,
    "bs_train": 128,
    "bs_test": 32,
    "batches": 100,
    "epochs": 100,
    "early_stopping": 5,
    "checkpoints": null,
    "lr": 0.003007970289449718,
    "reg": 0.008128033924872312,
    "filters_per_layer": [
      32
    ],
    "layers_per_block": 8,
    "pool_every": 2,
    "hidden_dims": [
      512,
      512
    ],
    "model_type": "resnet",
    "activation_type": "relu",
    "activation_params": {},
    "pooling_type": "max",
    "pooling_params": {
      "kernel_size": 2
    },
    "batchnorm": true,
    "dropout": 0.1633292046324038,
    "bottleneck": false,
    "loss_fn": "cross entropy",
    "optimizer": "Adam",
    "hp_optim": {
      "betas": [
        0.9969682475071221,
        0.9835809796844466
      ]
    },
    "subset": false
  },
  "results": {
    "num_epochs": 23,
    "train_loss": [
      1.7774816522817782,
      1.4391565737516985,
      1.2814289096676175,
      1.1729362049066197,
      1.1329656577171268,
      1.0971759104972605,
      1.055419904344222,
      1.0221585256364338,
      1.00699749947204,
      0.9920413149592212,
      0.983236386190595,
      0.9588749489515943,
      0.9508564478296149,
      0.9536001830149794,
      0.9358152283731934,
      0.9330184043520857,
      0.9413174037128458,
      0.9278567745862409,
      0.9092233263318191,
      0.9154149882323906,
      0.9395392512726357,
      0.9249679351706639,
      0.9119748485362743
    ],
    "train_acc": [
      32.2,
      45.554,
      52.358,
      57.146,
      58.846,
      60.184,
      61.632,
      63.11,
      64.108,
      64.624,
      64.922,
      65.992,
      66.24,
      66.272,
      66.984,
      66.942,
      66.672,
      67.358,
      67.862,
      67.706,
      66.826,
      67.37,
      68.154
    ],
    "test_loss": [
      1.4766258892540733,
      1.4167423225439395,
      1.2394102215766907,
      1.1109999888621198,
      1.1132125506004966,
      1.0463913115449608,
      1.0328213980022711,
      1.0027033652360446,
      0.9878538837448095,
      0.9892950785426667,
      0.9262621953083684,
      0.9343359823615406,
      0.9362731207483492,
      0.906422318456272,
      0.9237879636569526,
      0.8544817697316313,
      0.8941673061337334,
      0.8620395991748895,
      0.8611860817994553,
      0.9037705937894388,
      0.8997397495153994,
      0.8801943371280695,
      0.8643586876483771
    ],
    "test_acc": [
      42.25,
      47.53,
      52.91,
      59.15,
      59.32,
      61.92,
      62.49,
      64.12,
      63.69,
      64.86,
      67.78,
      66.76,
      66.74,
      67.57,
      67.04,
      69.67,
      68.78,
      69.99,
      69.24,
      68.05,
      68.24,
      68.98,
      69.27
    ]
  }
}