{
  "config": {
    "run_name": "exp1_1",
    "out_dir": "./results",
    "seed": 42,
    "device": null,
    "bs_train": 128,
    "bs_test": 32,
    "batches": 100,
    "epochs": 100,
    "early_stopping": 5,
    "checkpoints": null,
    "lr": 0.003007970289449718,
    "reg": 0.008128033924872312,
    "filters_per_layer": [
      64
    ],
    "layers_per_block": 4,
    "pool_every": 1,
    "hidden_dims": [
      512,
      512
    ],
    "model_type": "cnn",
    "activation_type": "relu",
    "activation_params": {},
    "pooling_type": "max",
    "pooling_params": {
      "kernel_size": 2
    },
    "batchnorm": true,
    "dropout": 0.1633292046324038,
    "bottleneck": false,
    "loss_fn": "cross entropy",
    "optimizer": "Adam",
    "hp_optim": {
      "betas": [
        0.9969682475071221,
        0.9835809796844466
      ]
    },
    "subset": false
  },
  "results": {
    "num_epochs": 24,
    "train_loss": [
      2.0141286648752743,
      1.4953959729055615,
      1.2740105885983732,
      1.1115774218078769,
      1.0075734658619326,
      0.9279125881621905,
      0.8486027655089298,
      0.8131590346851008,
      0.8051238700252055,
      0.7854420091490002,
      0.7767318645706567,
      0.7491596388389997,
      0.7438832016857079,
      0.7522960639060916,
      0.7281559637897764,
      0.7361420953975004,
      0.7380655720410749,
      0.713791374660209,
      0.7063647915640145,
      0.7209211543697835,
      0.6918930128559737,
      0.7009686394725614,
      0.7154821228340763,
      0.701126867319312
    ],
    "train_acc": [
      23.224,
      44.65,
      53.612,
      60.026,
      64.122,
      67.206,
      70.286,
      71.722,
      71.652,
      72.54,
      72.808,
      73.786,
      73.82,
      73.676,
      74.61,
      74.382,
      74.16,
      74.866,
      75.354,
      74.684,
      75.824,
      75.504,
      75.088,
      75.692
    ],
    "test_loss": [
      1.6337659876948347,
      1.3561828477314104,
      1.1813687093722554,
      1.0718541084387052,
      0.9823188320897258,
      0.912188981859067,
      0.8721772950297346,
      0.8820237967724236,
      0.8344525823387475,
      0.8679733999049701,
      0.8056256511150458,
      0.8319768705687964,
      0.8277285442756007,
      0.807818032206057,
      0.8308795000227115,
      0.7978113164155247,
      0.7870663220699603,
      0.8535797336992745,
      0.7538281224025324,
      0.8155198154358057,
      0.755333838276208,
      0.8005536873690998,
      0.7423005466834425,
      0.7772156373380472
    ],
    "test_acc": [
      38.82,
      49.98,
      57.76,
      62.54,
      65.09,
      67.8,
      70.24,
      68.51,
      71.2,
      70.63,
      72.21,
      71.04,
      71.33,
      71.61,
      70.89,
      72.61,
      72.31,
      70.08,
      74.15,
      71.72,
      73.64,
      71.82,
      74.13,
      73.22
    ]
  }
}