{
  "config": {
    "run_name": "exp1_4",
    "out_dir": "./results",
    "seed": 42,
    "device": null,
    "bs_train": 128,
    "bs_test": 32,
    "batches": 100,
    "epochs": 100,
    "early_stopping": 5,
    "checkpoints": null,
    "lr": 0.003007970289449718,
    "reg": 0.008128033924872312,
    "filters_per_layer": [
      64,
      128,
      256
    ],
    "layers_per_block": 2,
    "pool_every": 2,
    "hidden_dims": [
      512,
      512
    ],
    "model_type": "resnet",
    "activation_type": "relu",
    "activation_params": {},
    "pooling_type": "max",
    "pooling_params": {
      "kernel_size": 2
    },
    "batchnorm": true,
    "dropout": 0.1633292046324038,
    "bottleneck": false,
    "loss_fn": "cross entropy",
    "optimizer": "Adam",
    "hp_optim": {
      "betas": [
        0.9969682475071221,
        0.9835809796844466
      ]
    },
    "subset": false
  },
  "results": {
    "num_epochs": 27,
    "train_loss": [
      1.8632781597049646,
      1.4826491217479072,
      1.3228106056637776,
      1.2111302536466848,
      1.1083459119357721,
      1.044521805118112,
      1.014901601292593,
      0.9647269491344461,
      0.9404959750297429,
      0.921096700689067,
      0.9078448792857587,
      0.891170616192586,
      0.8802828532655526,
      0.8735004908898297,
      0.8641559393204692,
      0.8587574856665433,
      0.843539276086461,
      0.8500786606613022,
      0.8489164990537307,
      0.8503023155814852,
      0.8320239041467457,
      0.832182515460207,
      0.8227220240151486,
      0.8281125770810315,
      0.8268573723180824,
      0.8250199684401607,
      0.8287779737616439
    ],
    "train_acc": [
      29.75,
      45.398,
      51.736,
      56.46,
      60.402,
      62.762,
      64.094,
      65.792,
      66.992,
      67.536,
      68.13,
      68.75,
      69.176,
      69.53,
      69.802,
      69.712,
      70.46,
      70.31,
      70.446,
      70.022,
      71.004,
      70.86,
      71.394,
      71.056,
      70.958,
      71.296,
      71.186
    ],
    "test_loss": [
      1.5483464821459005,
      1.3317618743299295,
      1.1901112124561883,
      1.0915511547566983,
      0.9927326383682105,
      1.0270626931525648,
      0.9582884900105266,
      0.9318801498832032,
      0.9366931964795049,
      0.8932351453807026,
      0.8793118802693706,
      0.8729903059074292,
      0.8762633665301167,
      0.8242093285623069,
      0.8585301711917305,
      0.8354916694446113,
      0.8017700123139464,
      0.8121644634598741,
      0.8236798860204105,
      0.8019343544119082,
      0.8317572553508198,
      0.7842874493652259,
      0.8029374741136838,
      0.8107531277325969,
      0.7849059183947956,
      0.8030496180628817,
      0.774313358262705
    ],
    "test_acc": [
      42.44,
      50.99,
      57.16,
      60.66,
      64.02,
      64.07,
      65.84,
      66.8,
      67.29,
      68.37,
      68.51,
      69.34,
      69.61,
      71.21,
      69.69,
      71.26,
      71.77,
      71.62,
      70.6,
      72.17,
      70.69,
      72.99,
      72.11,
      71.69,
      72.59,
      71.75,
      72.57
    ]
  }
}