{
  "config": {
    "run_name": "exp1_4",
    "out_dir": "./results",
    "seed": 42,
    "device": null,
    "bs_train": 128,
    "bs_test": 32,
    "batches": 100,
    "epochs": 100,
    "early_stopping": 5,
    "checkpoints": null,
    "lr": 0.003007970289449718,
    "reg": 0.008128033924872312,
    "filters_per_layer": [
      64,
      128,
      256
    ],
    "layers_per_block": 2,
    "pool_every": 2,
    "hidden_dims": [
      512,
      512
    ],
    "model_type": "resnet",
    "activation_type": "relu",
    "activation_params": {},
    "pooling_type": "max",
    "pooling_params": {
      "kernel_size": 2
    },
    "batchnorm": true,
    "dropout": 0.1633292046324038,
    "bottleneck": false,
    "loss_fn": "cross entropy",
    "optimizer": "Adam",
    "hp_optim": {
      "betas": [
        0.9969682475071221,
        0.9835809796844466
      ]
    },
    "subset": false
  },
  "results": {
    "num_epochs": 22,
    "train_loss": [
      1.8766760865745642,
      1.5438124353013685,
      1.3577804922142906,
      1.210162852121436,
      1.109754749576149,
      1.044214645767456,
      0.9921684473981638,
      0.9587611010312425,
      0.9190715398934796,
      0.8907329493471424,
      0.8692818572149252,
      0.8620945224371712,
      0.8472281296539794,
      0.8345865800862422,
      0.8322370389233464,
      0.826612843424463,
      0.8212391142650028,
      0.8122065712119002,
      0.8042707129207718,
      0.8079869116053862,
      0.8130908988016036,
      0.8165655904413794
    ],
    "train_acc": [
      28.718,
      43.066,
      50.538,
      56.326,
      59.988,
      62.548,
      64.72,
      66.18,
      67.698,
      68.742,
      69.478,
      69.888,
      70.332,
      70.846,
      70.684,
      71.204,
      71.084,
      71.614,
      71.992,
      71.734,
      71.698,
      71.428
    ],
    "test_loss": [
      1.7911919888596946,
      1.4007793813467788,
      1.303517839588677,
      1.133669228218615,
      1.029272506602656,
      0.9564230895270935,
      0.9902896465013583,
      0.9274405759934801,
      0.8675857690957408,
      0.8501484547369778,
      0.8339402928900795,
      0.8228043163546358,
      0.792078073127582,
      0.8238697390015514,
      0.784280306805437,
      0.8060714340628907,
      0.7561680168008652,
      0.7598045037958188,
      0.7883711348707303,
      0.7948240630162029,
      0.767383554587349,
      0.7555070335682208
    ],
    "test_acc": [
      34.69,
      48.1,
      52.29,
      58.91,
      62.85,
      65.58,
      65.33,
      67.24,
      69.15,
      69.42,
      70.74,
      71.07,
      72.23,
      71.42,
      71.92,
      71.44,
      73.69,
      73.46,
      72.57,
      71.84,
      72.83,
      73.44
    ]
  }
}