{
  "config": {
    "run_name": "exp1_3",
    "out_dir": "./results",
    "seed": 42,
    "device": null,
    "bs_train": 128,
    "bs_test": 32,
    "batches": 100,
    "epochs": 100,
    "early_stopping": 5,
    "checkpoints": null,
    "lr": 0.003007970289449718,
    "reg": 0.008128033924872312,
    "filters_per_layer": [
      64,
      128
    ],
    "layers_per_block": 2,
    "pool_every": 1,
    "hidden_dims": [
      512,
      512
    ],
    "model_type": "cnn",
    "activation_type": "relu",
    "activation_params": {},
    "pooling_type": "max",
    "pooling_params": {
      "kernel_size": 2
    },
    "batchnorm": true,
    "dropout": 0.1633292046324038,
    "bottleneck": false,
    "loss_fn": "cross entropy",
    "optimizer": "Adam",
    "hp_optim": {
      "betas": [
        0.9969682475071221,
        0.9835809796844466
      ]
    },
    "subset": false
  },
  "results": {
    "num_epochs": 23,
    "train_loss": [
      2.024136789314582,
      1.5022374025696075,
      1.2608802155460543,
      1.0816114133276293,
      0.9653591098992721,
      0.8605440141599806,
      0.8404677197756365,
      0.7926436706881999,
      0.7926627519490469,
      0.764577407818621,
      0.7545325036548898,
      0.7232448520410396,
      0.7202639970785517,
      0.7310804863415106,
      0.7071646174506458,
      0.6941920923607429,
      0.6940163351080911,
      0.6981618456980762,
      0.6997383585976212,
      0.6983557853399945,
      0.6944499470083915,
      0.6755642659219024,
      0.6781904032010861
    ],
    "train_acc": [
      22.942,
      44.3,
      54.016,
      61.284,
      65.948,
      69.932,
      70.526,
      72.532,
      72.482,
      73.358,
      73.744,
      75.04,
      75.018,
      74.554,
      75.462,
      75.836,
      75.984,
      75.654,
      75.692,
      75.662,
      76.016,
      76.602,
      76.448
    ],
    "test_loss": [
      1.7101747742095315,
      1.3243392229841922,
      1.1604712706404372,
      1.054124912324424,
      0.9930540901213027,
      0.9798403039527016,
      0.8495055233327725,
      0.8516483315454123,
      0.8804737469449211,
      0.8299792773616962,
      0.8509938038957005,
      0.8067906989266698,
      0.7975917148133056,
      0.8078639303533414,
      0.7863889056653641,
      0.7625676503006261,
      0.7707179646712904,
      0.7707471101047894,
      0.8599073495537328,
      0.7868585812207609,
      0.7839315655513313,
      0.791501624420428,
      0.8022849157024116
    ],
    "test_acc": [
      35.72,
      50.84,
      58.07,
      63.04,
      65.13,
      66.36,
      70.82,
      71.11,
      70.24,
      71.56,
      70.31,
      72.09,
      71.69,
      72.7,
      73.48,
      73.29,
      73.28,
      73.61,
      70.6,
      72.6,
      73.51,
      72.1,
      71.92
    ]
  }
}