{
  "config": {
    "run_name": "exp1_4",
    "out_dir": "./results",
    "seed": 42,
    "device": null,
    "bs_train": 128,
    "bs_test": 32,
    "batches": 100,
    "epochs": 100,
    "early_stopping": 5,
    "checkpoints": null,
    "lr": 0.003007970289449718,
    "reg": 0.008128033924872312,
    "filters_per_layer": [
      64,
      128,
      256
    ],
    "layers_per_block": 8,
    "pool_every": 6,
    "hidden_dims": [
      512,
      512
    ],
    "model_type": "resnet",
    "activation_type": "relu",
    "activation_params": {},
    "pooling_type": "max",
    "pooling_params": {
      "kernel_size": 2
    },
    "batchnorm": true,
    "dropout": 0.1633292046324038,
    "bottleneck": false,
    "loss_fn": "cross entropy",
    "optimizer": "Adam",
    "hp_optim": {
      "betas": [
        0.9969682475071221,
        0.9835809796844466
      ]
    },
    "subset": false
  },
  "results": {
    "num_epochs": 58,
    "train_loss": [
      2.0376897327735297,
      1.752244899339993,
      1.6285415659170321,
      1.5566499245441174,
      1.4910923413303503,
      1.4316784673944458,
      1.389005099720967,
      1.348397487569648,
      1.3064062421584068,
      1.278298501315934,
      1.261148433246271,
      1.2386886911928807,
      1.2199645217727213,
      1.2047564094633703,
      1.1875486146763463,
      1.177525570782859,
      1.1596939911317947,
      1.142212047601295,
      1.1407175094575224,
      1.1207725770028352,
      1.1146918148031015,
      1.1111950331636706,
      1.1069866734392502,
      1.1000148047266713,
      1.08886942671388,
      1.0924799090151287,
      1.0993649137904271,
      1.096884277623023,
      1.0843633878261536,
      1.0964770760682538,
      1.0886714223705594,
      1.0819699749007554,
      1.0755953959491857,
      1.066633892943487,
      1.064051682229542,
      1.0660405061433993,
      1.048592206462265,
      1.0547536436249227,
      1.0477911910742446,
      1.042006611366711,
      1.0547190775041995,
      1.0415126406933035,
      1.0373624672975077,
      1.0354790922321018,
      1.0309026546185585,
      1.0266875339590984,
      1.028863497097474,
      1.0249799380217062,
      1.024340857477749,
      1.026181399822235,
      1.0234441874582139,
      1.0305585945048905,
      1.0167997666941884,
      1.0110910609555062,
      1.0032281409139219,
      1.0176194180612979,
      1.0141258942501625,
      1.0090337258470639
    ],
    "train_acc": [
      22.468,
      34.518,
      39.502,
      42.502,
      45.244,
      47.708,
      49.366,
      51.21,
      52.4,
      53.78,
      54.322,
      54.972,
      55.83,
      56.408,
      57.31,
      57.412,
      58.374,
      59.02,
      58.968,
      59.802,
      60.19,
      60.164,
      60.34,
      60.566,
      61.192,
      60.79,
      60.65,
      60.512,
      61.138,
      60.768,
      61.12,
      61.488,
      61.604,
      61.898,
      62.2,
      61.988,
      62.612,
      62.37,
      62.734,
      63.082,
      62.482,
      62.93,
      62.996,
      63.352,
      63.604,
      63.658,
      63.612,
      63.712,
      63.75,
      63.778,
      63.808,
      63.53,
      64.236,
      64.494,
      64.794,
      64.116,
      64.418,
      64.52
    ],
    "test_loss": [
      1.8559444064911181,
      1.7558195179643723,
      1.5814840507964356,
      1.4585762103906454,
      1.379061202462108,
      1.3161917235523748,
      1.3084272018636758,
      1.2580055548741034,
      1.195287801968023,
      1.1904713858049898,
      1.2038313999724464,
      1.1424969787033983,
      1.1212993999258778,
      1.1222318700327278,
      1.089007336491594,
      1.0628854858989534,
      1.0864403817219475,
      1.0565039490739379,
      1.0528520671323465,
      1.0341305757482973,
      1.057319004314776,
      1.0239637037054798,
      1.0362035597856052,
      1.0146572370879567,
      1.0232794758991692,
      1.0019274458717615,
      1.0115171941324546,
      1.022814305826498,
      0.9965759852823739,
      1.0446915457043022,
      1.0131552301275843,
      1.01574565560673,
      0.9989157153394657,
      0.9775076386646722,
      0.9865323663138734,
      0.9822950580249579,
      0.9872071729681362,
      0.9740523296042373,
      0.989004212446487,
      0.9645575751511815,
      0.9868618383194311,
      0.953029596196196,
      0.9649270571077975,
      0.976907349242189,
      0.9526806287110423,
      0.9538316496264059,
      0.9465775465051206,
      0.9680925224916622,
      0.9437247082448235,
      0.9419474375133697,
      0.9752096606138796,
      0.9714742062952572,
      0.9318095040016662,
      0.9827275765589631,
      0.9586469483451722,
      0.9548566733686307,
      0.942540161145,
      0.9376352520796437
    ],
    "test_acc": [
      30.46,
      35.97,
      42.15,
      46.01,
      48.75,
      52.02,
      52.41,
      53.89,
      56.58,
      56.38,
      56.2,
      58.59,
      59.07,
      59.27,
      60.56,
      61.58,
      60.67,
      61.85,
      61.7,
      62.81,
      61.95,
      63.46,
      62.47,
      63.52,
      62.96,
      63.54,
      63.41,
      62.78,
      64.31,
      61.82,
      63.86,
      63.11,
      64.14,
      64.72,
      64.49,
      64.69,
      64.86,
      65.45,
      64.26,
      66.07,
      64.58,
      66.41,
      65.94,
      65.06,
      66.4,
      66.4,
      66.86,
      65.35,
      66.95,
      66.86,
      65.85,
      65.42,
      67.49,
      64.56,
      67.05,
      66.16,
      67.06,
      67.01
    ]
  }
}