{
  "config": {
    "run_name": "exp1_2",
    "out_dir": "./results",
    "seed": 42,
    "device": null,
    "bs_train": 128,
    "bs_test": 32,
    "batches": 100,
    "epochs": 100,
    "early_stopping": 5,
    "checkpoints": null,
    "lr": 0.003007970289449718,
    "reg": 0.008128033924872312,
    "filters_per_layer": [
      128
    ],
    "layers_per_block": 4,
    "pool_every": 1,
    "hidden_dims": [
      512,
      512
    ],
    "model_type": "cnn",
    "activation_type": "relu",
    "activation_params": {},
    "pooling_type": "max",
    "pooling_params": {
      "kernel_size": 2
    },
    "batchnorm": true,
    "dropout": 0.1633292046324038,
    "bottleneck": false,
    "loss_fn": "cross entropy",
    "optimizer": "Adam",
    "hp_optim": {
      "betas": [
        0.9969682475071221,
        0.9835809796844466
      ]
    },
    "subset": false
  },
  "results": {
    "num_epochs": 21,
    "train_loss": [
      1.6960880475885727,
      1.3183459272165128,
      1.1075981224284452,
      0.99019166941533,
      0.9156440757119747,
      0.8731342825438361,
      0.8170350009523084,
      0.7886925998246274,
      0.7486227938281301,
      0.7408039176555545,
      0.7348781787525968,
      0.7335794824925835,
      0.7302560038731226,
      0.7092813282366603,
      0.7080265785879492,
      0.704723873025621,
      0.7115941848748785,
      0.7067371293559404,
      0.6960389177360193,
      0.7016669648230228,
      0.6784528622694332
    ],
    "train_acc": [
      35.664,
      51.68,
      60.096,
      64.886,
      67.838,
      69.642,
      71.728,
      72.584,
      73.972,
      74.286,
      74.692,
      74.462,
      74.268,
      75.35,
      75.37,
      75.442,
      75.404,
      75.516,
      75.664,
      75.614,
      76.498
    ],
    "test_loss": [
      1.4817208291623538,
      1.1840928558724375,
      1.0315962433815002,
      0.9875460229933072,
      0.9895719518295873,
      0.9219450518346062,
      0.8196391924120747,
      0.8180470569446064,
      0.7911579274712279,
      0.8124868621270116,
      0.8115087203895703,
      0.7786882124579372,
      0.7629342726625192,
      0.7876080517380383,
      0.7752312042842657,
      0.7799442863692871,
      0.8032391664509575,
      0.8068485099096268,
      0.7952676310706824,
      0.7627561254242358,
      0.7970339425455648
    ],
    "test_acc": [
      44.88,
      57.42,
      63.38,
      65.78,
      65.31,
      67.85,
      71.82,
      71.58,
      72.7,
      71.87,
      72.0,
      72.72,
      73.19,
      72.86,
      72.88,
      73.51,
      72.38,
      71.84,
      72.29,
      73.39,
      72.12
    ]
  }
}