{
  "config": {
    "run_name": "exp1_4",
    "out_dir": "./results",
    "seed": 42,
    "device": null,
    "bs_train": 128,
    "bs_test": 32,
    "batches": 100,
    "epochs": 100,
    "early_stopping": 5,
    "checkpoints": null,
    "lr": 0.003007970289449718,
    "reg": 0.008128033924872312,
    "filters_per_layer": [
      64,
      128,
      256
    ],
    "layers_per_block": 4,
    "pool_every": 3,
    "hidden_dims": [
      512,
      512
    ],
    "model_type": "resnet",
    "activation_type": "relu",
    "activation_params": {},
    "pooling_type": "max",
    "pooling_params": {
      "kernel_size": 2
    },
    "batchnorm": true,
    "dropout": 0.1633292046324038,
    "bottleneck": false,
    "loss_fn": "cross entropy",
    "optimizer": "Adam",
    "hp_optim": {
      "betas": [
        0.9969682475071221,
        0.9835809796844466
      ]
    },
    "subset": false
  },
  "results": {
    "num_epochs": 36,
    "train_loss": [
      1.9201324885458593,
      1.6380558794416735,
      1.470527149527274,
      1.319561961056936,
      1.2136409089083562,
      1.1544240165854354,
      1.0932424798645937,
      1.0481457579166382,
      1.0102495680684629,
      1.0062491947122851,
      0.9869234020752675,
      0.9739329179229639,
      0.9637401905815924,
      0.9627684162705755,
      0.9469734912028398,
      0.9392257812992691,
      0.9417063316420826,
      0.9335607178985615,
      0.926000117645849,
      0.927754664664988,
      0.920771197589767,
      0.9219836322852718,
      0.9144315059532595,
      0.9137967335598548,
      0.9037207079970319,
      0.8978901261563801,
      0.8975063236168278,
      0.9084524091552285,
      0.8972673123449926,
      0.8889811223425219,
      0.8865924602579278,
      0.9037998215011929,
      0.9073403732246145,
      0.9045398497520505,
      0.9022527634335296,
      0.8976582241485186
    ],
    "train_acc": [
      26.748,
      37.706,
      45.428,
      51.348,
      55.578,
      58.192,
      60.648,
      62.246,
      64.004,
      64.444,
      65.03,
      65.922,
      66.458,
      66.356,
      67.328,
      67.428,
      67.388,
      67.694,
      67.882,
      67.904,
      68.174,
      67.964,
      68.336,
      68.476,
      68.922,
      69.056,
      69.044,
      68.758,
      68.99,
      69.31,
      69.474,
      68.854,
      68.37,
      68.822,
      68.658,
      68.952
    ],
    "test_loss": [
      1.6925147577596549,
      1.5367734752143154,
      1.3419529092959321,
      1.2339752533565314,
      1.152226219542872,
      1.1021925050991412,
      0.9948820705992726,
      0.9185034482242962,
      0.9375387927213796,
      0.9182846289092359,
      0.9635111114468438,
      0.915770727034194,
      0.8748455725538845,
      1.0254143152754909,
      0.9485824389960438,
      0.9073960165055796,
      0.9094777170080728,
      0.9019552450210523,
      0.8882016827123234,
      0.9369696224459444,
      0.8913995514091212,
      0.9539486190762383,
      0.9291765025248543,
      0.9315200956484762,
      0.8699645899926511,
      0.9533646881770783,
      0.9176861795183188,
      0.8694098858406749,
      0.867477730916331,
      0.8814898705520569,
      0.8414941325355262,
      0.8862046703172568,
      0.8717928980105221,
      0.8861236351366621,
      0.8796187828714475,
      0.8718625539407944
    ],
    "test_acc": [
      35.11,
      42.87,
      50.06,
      54.86,
      58.07,
      60.0,
      64.01,
      67.62,
      66.37,
      67.36,
      66.26,
      67.7,
      69.79,
      63.32,
      66.96,
      69.33,
      68.92,
      69.97,
      70.1,
      68.22,
      70.23,
      67.95,
      67.9,
      68.71,
      70.62,
      68.8,
      69.31,
      71.29,
      70.95,
      70.03,
      71.87,
      70.76,
      70.83,
      70.3,
      70.33,
      70.55
    ]
  }
}