{
  "config": {
    "run_name": "exp1_4",
    "out_dir": "./results",
    "seed": 42,
    "device": null,
    "bs_train": 128,
    "bs_test": 32,
    "batches": 100,
    "epochs": 100,
    "early_stopping": 5,
    "checkpoints": null,
    "lr": 0.003007970289449718,
    "reg": 0.008128033924872312,
    "filters_per_layer": [
      32
    ],
    "layers_per_block": 32,
    "pool_every": 8,
    "hidden_dims": [
      512,
      512
    ],
    "model_type": "resnet",
    "activation_type": "relu",
    "activation_params": {},
    "pooling_type": "max",
    "pooling_params": {
      "kernel_size": 2
    },
    "batchnorm": true,
    "dropout": 0.1633292046324038,
    "bottleneck": false,
    "loss_fn": "cross entropy",
    "optimizer": "Adam",
    "hp_optim": {
      "betas": [
        0.9969682475071221,
        0.9835809796844466
      ]
    },
    "subset": false
  },
  "results": {
    "num_epochs": 45,
    "train_loss": [
      1.9052791561921845,
      1.696669691968757,
      1.617096719839384,
      1.5653843940676326,
      1.5141801111533513,
      1.486435684706549,
      1.4426473684018226,
      1.4114277170747138,
      1.3822528065927804,
      1.3645580064915026,
      1.3516022716946614,
      1.3239000352752177,
      1.2927485207462555,
      1.2791901942714097,
      1.2583302399691414,
      1.2358490109748548,
      1.2268541819604157,
      1.2082210137411151,
      1.2046072667517016,
      1.1817874600515341,
      1.176068686768222,
      1.1841242830161853,
      1.1706430427253705,
      1.1632467038796077,
      1.1457574480329937,
      1.1361914586533062,
      1.134875076811027,
      1.1092963154663515,
      1.1144511176802008,
      1.1008896655438807,
      1.107912819556263,
      1.1020959115699125,
      1.084972452172233,
      1.0816548609977488,
      1.092427041981836,
      1.0838565698365117,
      1.0813913881931159,
      1.0837283262511348,
      1.066794954907254,
      1.0757184696319464,
      1.071649549562303,
      1.0696347145473255,
      1.0705783053127396,
      1.0586977602575747,
      1.0544364292298436
    ],
    "train_acc": [
      29.416,
      36.648,
      39.172,
      41.47,
      43.766,
      44.83,
      47.034,
      48.33,
      49.432,
      50.046,
      50.684,
      51.892,
      52.93,
      53.948,
      54.282,
      55.278,
      55.736,
      56.322,
      56.558,
      57.404,
      57.584,
      57.548,
      57.958,
      58.212,
      59.0,
      59.216,
      59.464,
      60.578,
      60.56,
      60.846,
      60.598,
      60.748,
      61.552,
      61.754,
      61.318,
      61.7,
      61.65,
      61.594,
      62.368,
      61.816,
      62.02,
      62.352,
      62.168,
      62.782,
      62.528
    ],
    "test_loss": [
      1.7012352033164173,
      1.6101094472903412,
      1.5549998835633738,
      1.509181326189742,
      1.451890537913996,
      1.4401363667588645,
      1.399808662577559,
      1.4053837401798357,
      1.3358873761119172,
      1.3743533872948668,
      1.2958750422008503,
      1.2826535318987058,
      1.2191368168154464,
      1.2187207472590973,
      1.204666075043785,
      1.1551288581503847,
      1.1688447547035095,
      1.1396523729299965,
      1.1083651263112078,
      1.098173167377996,
      1.1154136541552437,
      1.0803972857828719,
      1.0760212102637123,
      1.0882737762250079,
      1.0710093279997,
      1.0571818157506827,
      1.0523071814649783,
      1.0600262040528245,
      1.0299182379969394,
      1.0547451523546212,
      1.0315631003425525,
      1.041454179218402,
      1.0150855331184765,
      1.0144205567554925,
      1.0358674796625449,
      1.0088340024026439,
      0.9957759349871749,
      1.0196493426070046,
      0.999536303666453,
      0.9827935926068705,
      1.0126320963469557,
      0.996390314147876,
      0.9978383013996454,
      1.0094378004058862,
      1.013134505611639
    ],
    "test_acc": [
      35.93,
      38.5,
      40.55,
      42.41,
      45.02,
      46.98,
      48.38,
      47.9,
      50.41,
      49.07,
      52.08,
      52.4,
      55.41,
      55.46,
      56.47,
      58.11,
      57.48,
      58.37,
      60.04,
      60.94,
      60.29,
      60.44,
      61.58,
      60.06,
      61.98,
      62.38,
      62.62,
      61.83,
      62.89,
      62.35,
      62.66,
      62.91,
      63.87,
      63.66,
      62.93,
      64.16,
      64.09,
      63.76,
      64.36,
      65.12,
      64.05,
      64.07,
      64.16,
      63.82,
      63.49
    ]
  }
}