{
  "beta1": 0.9969682475071221,
  "beta2": 0.9835809796844466,
  "dropout": 0.1633292046324038,
  "hidden_dims_num": 2,
  "hidden_dims_val": 512,
  "lr": 0.003007970289449718,
  "pool_every": 1,
  "weight_decay": 0.008128033924872312,
  "value": 1.1628472593766224
}